Epoch,train_loss,val_loss
1,0.29799584,0.1551112
2,0.1303643,0.1216936
3,0.11937156,0.11417031
4,0.11345013,0.1124276
5,0.1086507,0.10511126
6,0.10464766,0.10975455
7,0.10090991,0.101466075
8,0.097579904,0.1042619
9,0.09385252,0.09527219
10,0.0908941,0.08902314
11,0.088215925,0.08556949
12,0.08503239,0.081330106
13,0.0819522,0.085402034
14,0.07987701,0.07705977
15,0.076725334,0.078304075
16,0.07493157,0.07172496
17,0.07253641,0.0869482
18,0.0708809,0.08097074
19,0.06923261,0.07594083
20,0.067205325,0.0682288
21,0.06584258,0.064721465
22,0.064164184,0.06135089
23,0.06262064,0.06058127
24,0.06153416,0.060751665
25,0.060176384,0.06237747
26,0.058500275,0.06021643
27,0.057746053,0.06852836
28,0.056781113,0.054390192
29,0.055587918,0.064656004
30,0.05458708,0.05235425
31,0.0536242,0.05103679
32,0.052718874,0.05214578
33,0.052212715,0.049518887
34,0.050818995,0.0568368
35,0.050085746,0.048233528
36,0.049333457,0.050993305
37,0.04849693,0.049137454
38,0.0479443,0.046500385
39,0.046846163,0.046831317
40,0.045843694,0.05504653
41,0.045285154,0.044704046
42,0.04451414,0.044513553
43,0.04338239,0.044156875
44,0.0427532,0.04090688
45,0.041808356,0.04055656
46,0.04089138,0.048077703
47,0.040336687,0.040680476
48,0.039285094,0.03768993
49,0.03822142,0.04090313
50,0.036992136,0.037181094
51,0.036066033,0.03877725
52,0.035050515,0.034892835
53,0.033709478,0.03272445
54,0.032223906,0.030706828
55,0.030888835,0.029847447
56,0.0291987,0.028726296
57,0.027339129,0.027243622
58,0.025027135,0.023294989
59,0.021522043,0.018633362
60,0.018267008,0.017840268
61,0.017948542,0.017772509
62,0.017758194,0.01764561
63,0.017646328,0.017330647
64,0.017531984,0.017268538
65,0.017476093,0.017459126
66,0.017395426,0.017067505
67,0.017323066,0.016981658
68,0.01724681,0.01682449
69,0.01721272,0.016873106
70,0.017162433,0.017225662
71,0.017074727,0.017614428
72,0.017057972,0.016687682
73,0.017033404,0.0168824
74,0.01699685,0.016637553
75,0.016949788,0.01680599
76,0.016910413,0.017192103
77,0.016871905,0.016993111
78,0.016828442,0.016781203
79,0.016823635,0.016558744
80,0.016778782,0.01663112
81,0.016753847,0.01658814
82,0.016739909,0.016346084
83,0.016701663,0.01641767
84,0.016704822,0.016675383
85,0.016633188,0.016347652
86,0.016649667,0.01633198
87,0.016601106,0.016574841
88,0.016573412,0.016478332
89,0.016557919,0.016538173
90,0.016589824,0.01628183
91,0.01650374,0.016211126
92,0.016494505,0.016182713
93,0.016461974,0.016330652
94,0.016452217,0.016301826
95,0.01646516,0.01616874
96,0.016414216,0.016119177
97,0.016419776,0.01672062
98,0.01638414,0.016446171
99,0.016366282,0.016097518
100,0.016357087,0.016114196
101,0.01633573,0.015976788
102,0.016280718,0.01612782
103,0.01630289,0.016270448
104,0.016299814,0.017040718
105,0.01625233,0.016252847
106,0.016256388,0.016570805
107,0.016221905,0.01592392
108,0.016235307,0.016220221
109,0.016192839,0.016066546
110,0.016186176,0.016594213
111,0.016175447,0.015868425
112,0.016170168,0.015951779
113,0.01611978,0.015934715
114,0.016111284,0.015943887
115,0.016118987,0.015738321
116,0.016140683,0.015936019
117,0.016082102,0.016322874
118,0.016086144,0.015989602
119,0.016028466,0.015988322
120,0.016035514,0.015870064
121,0.016025143,0.015901241
122,0.015985357,0.01585326
123,0.015986204,0.016118972
124,0.015970632,0.015902666
125,0.015972354,0.015836399
126,0.015960976,0.015631715
127,0.015947416,0.015695112
128,0.015936917,0.015577038
129,0.015912097,0.015683364
130,0.015875123,0.015931379
131,0.015888197,0.015497993
132,0.015857825,0.015696917
133,0.015890272,0.015622843
134,0.01586984,0.015815318
135,0.015854802,0.01595178
136,0.01583272,0.015702834
137,0.015804037,0.015572199
138,0.015798936,0.015599044
139,0.015797226,0.015576821
140,0.015830662,0.015491365
141,0.015778324,0.015762456
142,0.015766751,0.015444075
143,0.015732605,0.015449708
144,0.015742896,0.015758123
145,0.015752105,0.01553037
146,0.015754463,0.015537539
147,0.015706327,0.015427859
148,0.015703825,0.015463048
149,0.015676094,0.015557767
150,0.015680274,0.015421245
151,0.015709067,0.01604825
152,0.015661392,0.0155978445
153,0.015668422,0.015373215
154,0.015682174,0.0153318215
155,0.0156090865,0.015430237
156,0.015636493,0.015434266
157,0.015628561,0.015445446
158,0.015614948,0.015501134
159,0.015603618,0.015386283
160,0.015611295,0.01536059
161,0.015624246,0.01566177
162,0.015588117,0.015394343
163,0.015586784,0.01528632
164,0.0155373765,0.015496193
165,0.015567036,0.015314721
166,0.0155394655,0.015521984
167,0.015546033,0.015310979
168,0.015560477,0.015328718
169,0.015520502,0.015347314
170,0.01551956,0.0152762495
171,0.015496443,0.016012052
172,0.015541755,0.01555975
173,0.015525125,0.01537198
174,0.015479291,0.015795572
175,0.015489293,0.015474828
176,0.015511688,0.015161492
177,0.015436825,0.0153747825
178,0.015486838,0.015329747
179,0.015437326,0.015456484
180,0.015444851,0.015368893
181,0.015451506,0.015348968
182,0.015476302,0.015156288
183,0.015457825,0.015291168
184,0.015470933,0.015487758
185,0.01546685,0.015115916
186,0.015457464,0.015109863
187,0.015433313,0.015173062
188,0.015411961,0.015314373
189,0.0154175535,0.015271491
190,0.015422739,0.015077685
191,0.015413023,0.015138002
192,0.0153669305,0.0151608195
193,0.0153662115,0.015059011
194,0.01536913,0.015092504
195,0.015379208,0.015340588
196,0.015385844,0.015202891
197,0.015379566,0.015369784
198,0.015383791,0.0150977615
199,0.015326743,0.015969656
200,0.01532468,0.015193745
201,0.015330123,0.015243044
202,0.015352833,0.015093733
203,0.015329115,0.015089484
204,0.015303229,0.015359235
205,0.015324981,0.015070321
206,0.015301947,0.015171644
207,0.01529762,0.015499175
208,0.015286618,0.015163073
209,0.0153302755,0.0152128
210,0.015299478,0.0151449405
211,0.015300482,0.015370398
212,0.0152835045,0.015152799
213,0.015278655,0.015032091
214,0.015272297,0.015174306
215,0.015277169,0.015326743
216,0.0152781615,0.01509979
217,0.015275306,0.015060848
218,0.015276637,0.015170877
219,0.0152395815,0.015102062
220,0.015212238,0.0150249675
221,0.015235139,0.015241601
222,0.015250157,0.015082488
223,0.015235241,0.014960384
224,0.015234812,0.015084119
225,0.015215963,0.015343784
226,0.015238385,0.014927068
227,0.015215511,0.01497088
228,0.015228411,0.014970182
229,0.015204592,0.015413531
230,0.015191977,0.015152241
231,0.015229013,0.014964364
232,0.0151839685,0.014943088
233,0.015182297,0.014985958
234,0.015204401,0.0151608605
235,0.015203411,0.015280082
236,0.015204926,0.0149271395
237,0.015212008,0.014956828
238,0.015162007,0.015171144
239,0.015179506,0.015210363
240,0.015154568,0.015063276
241,0.01516472,0.014897723
242,0.015192052,0.015036858
243,0.015154647,0.014865891
244,0.015180057,0.015422975
245,0.015172758,0.015070401
246,0.0151593825,0.015063809
247,0.015165486,0.01486518
248,0.015140455,0.014974264
249,0.015138413,0.014899493
250,0.015114372,0.015083291
251,0.015133544,0.014891533
252,0.015137715,0.014817905
253,0.015120799,0.014860533
254,0.015139019,0.015050862
255,0.015127296,0.014994904
256,0.015131584,0.014943425
257,0.015132993,0.014895511
258,0.015122913,0.015008411
259,0.015084837,0.014809808
260,0.015080062,0.014895617
261,0.015091958,0.014830774
262,0.015107124,0.01483816
263,0.015075266,0.014914791
264,0.015118309,0.01504373
265,0.015110334,0.015160847
266,0.015052974,0.014757111
267,0.015039043,0.014937995
268,0.015045002,0.0151349595
269,0.015038333,0.014767189
270,0.015067994,0.014836863
271,0.015060959,0.014822723
272,0.015074497,0.015785193
273,0.015031467,0.015476259
274,0.015074769,0.014782054
275,0.0150418775,0.014800096
276,0.015059978,0.015122654
277,0.015072491,0.01483102
278,0.015023696,0.014846731
279,0.015073446,0.015037165
280,0.015031938,0.014839895
281,0.015042834,0.015671717
282,0.015028398,0.01481494
283,0.0150397355,0.0148551185
284,0.014994991,0.014760246
285,0.015030604,0.01476971
286,0.015012883,0.014917991
287,0.015061014,0.014783235
288,0.015029078,0.01489553
289,0.014994979,0.014911217
290,0.014966059,0.0148951905
291,0.015001094,0.014811516
292,0.015007165,0.015248453
293,0.014994025,0.01490324
294,0.015020877,0.014735664
295,0.014993163,0.0149886
296,0.014965458,0.014820317
297,0.014974758,0.014863099
298,0.014987269,0.014784363
299,0.014966844,0.01474888
300,0.014974756,0.014753186
301,0.014991138,0.015164452
302,0.014943938,0.014962114
303,0.014975561,0.014694467
304,0.014936583,0.01468543
305,0.014992259,0.014727845
306,0.014954364,0.015221448
307,0.01493881,0.014850433
308,0.014950936,0.014644208
309,0.014949199,0.01506099
310,0.014926911,0.01466962
311,0.014946754,0.014665666
312,0.014959712,0.014694376
313,0.0149329575,0.014629192
314,0.01494572,0.014661674
315,0.014900816,0.014947473
316,0.014937463,0.014804737
317,0.014944288,0.014805206
318,0.014926668,0.014688013
319,0.014921667,0.015094694
320,0.014883722,0.014744058
321,0.014903256,0.014749949
322,0.014917711,0.014688036
323,0.014888587,0.0147451665
324,0.01489759,0.014958136
325,0.0149004,0.014660304
326,0.014911775,0.014870322
327,0.014916997,0.014639112
328,0.014897199,0.014571965
329,0.014884693,0.015006572
330,0.014858908,0.014669866
331,0.014880052,0.014733698
332,0.014892962,0.014671601
333,0.014872613,0.014735217
334,0.014862443,0.0146317175
335,0.014882029,0.014573975
336,0.014871559,0.01462661
337,0.0148682725,0.01466598
338,0.014840013,0.014712358
339,0.014840297,0.014712563
340,0.01489155,0.015008331
341,0.014858172,0.014737644
342,0.014837674,0.0145737305
343,0.014856385,0.014663702
344,0.01485854,0.014741176
345,0.014844737,0.014767345
346,0.014834803,0.014668518
347,0.014828171,0.014741453
348,0.014880053,0.014558506
349,0.014849841,0.014705519
350,0.014871967,0.014504733
351,0.014846682,0.014610533
352,0.014843973,0.014667411
353,0.014836769,0.01499383
354,0.014795632,0.014577912
355,0.014812294,0.014567103
356,0.014814107,0.014565192
357,0.014837808,0.014596655
358,0.014833567,0.014630748
359,0.014815539,0.015059607
360,0.014834876,0.014564147
361,0.014802917,0.014643348
362,0.014818618,0.0147097865
363,0.014849714,0.014769808
364,0.014786153,0.014721403
365,0.014821055,0.016025947
366,0.014800015,0.014477536
367,0.014785151,0.014930446
368,0.014821428,0.014696527
369,0.014797626,0.015142827
370,0.014805423,0.014966977
371,0.014751249,0.014609995
372,0.014763482,0.014458098
373,0.014762381,0.014558258
374,0.014765,0.014589974
375,0.014755522,0.014541937
376,0.0147786075,0.014569005
377,0.014777127,0.014502293
378,0.014766992,0.014519183
379,0.0147641925,0.014822153
380,0.0147371935,0.0145584075
381,0.0147719,0.014821652
382,0.014777378,0.01452924
383,0.014752598,0.014587404
384,0.014753664,0.014781322
385,0.014721204,0.014572306
386,0.014756511,0.014780118
387,0.014728296,0.0145933665
388,0.014743954,0.0145082865
389,0.01470783,0.015165068
390,0.014768072,0.014517381
391,0.014742512,0.0145507995
392,0.014722812,0.014474501
393,0.014742489,0.014558151
394,0.014762474,0.014537077
395,0.014729825,0.014489846
396,0.0147041045,0.014553981
397,0.014742982,0.014434498
398,0.014722848,0.014535167
399,0.014738176,0.014478324
400,0.014732384,0.014456526
401,0.014729145,0.014494572
402,0.014694991,0.014487228
403,0.014732242,0.014461874
404,0.014683653,0.014661157
405,0.01470715,0.014563938
406,0.014689453,0.014510936
407,0.014691676,0.014457077
408,0.0146889,0.014506194
409,0.014698007,0.014586374
410,0.014697742,0.014449468
411,0.014685879,0.014902873
412,0.014668473,0.014667191
413,0.014693135,0.014920192
414,0.014707371,0.014572308
415,0.01472964,0.014529715
416,0.014668173,0.014488221
417,0.014709109,0.014452676
418,0.0147105865,0.014711699
419,0.014652711,0.014499817
420,0.014681396,0.014521969
421,0.014685096,0.014483178
422,0.014652665,0.014501552
423,0.014695173,0.014704078
424,0.014673887,0.014446142
425,0.014643728,0.014686842
426,0.014683861,0.014568349
427,0.014661484,0.014551233
428,0.014648853,0.015202715
429,0.014657629,0.014681389
430,0.014667339,0.014460028
431,0.014645349,0.014427188
432,0.014641557,0.014798343
433,0.014649406,0.0144058885
434,0.014662367,0.014464138
435,0.0146321,0.0144482795
436,0.0146406,0.014364982
437,0.014641203,0.01433078
438,0.014626199,0.01446871
439,0.014640818,0.014529025
440,0.014637358,0.014646536
441,0.014603804,0.014526718
442,0.014618334,0.0144062545
443,0.014645527,0.014577084
444,0.014655644,0.014431438
445,0.014648267,0.014595466
446,0.014621525,0.0144656105
447,0.014625349,0.014416715
448,0.014637137,0.014542255
449,0.014612527,0.015173685
450,0.014616348,0.015086497
451,0.01460647,0.014414156
452,0.014636798,0.014468814
453,0.0146238245,0.014560689
454,0.014615155,0.014430072
455,0.014639938,0.014513639
456,0.014598147,0.014927837
457,0.014620134,0.014394458
458,0.0145693645,0.014402541
459,0.014612078,0.014522303
460,0.014579782,0.01444643
461,0.014583182,0.014595666
462,0.014563917,0.0143051995
463,0.014609379,0.014443109
464,0.01457674,0.014402335
465,0.014585024,0.014611703
466,0.014568683,0.0145624345
467,0.014563368,0.0143357385
468,0.01460877,0.014414458
469,0.014566832,0.0143009275
470,0.014596317,0.014397821
471,0.01458426,0.014357551
472,0.014568427,0.014319802
473,0.01455839,0.015951414
474,0.014560146,0.014398279
475,0.014544872,0.014511365
476,0.014564737,0.014993808
477,0.014547512,0.014412319
478,0.014533822,0.014415994
479,0.014579203,0.014395974
480,0.014555268,0.014411015
481,0.014553435,0.014635369
482,0.014592917,0.014322545
483,0.014533453,0.014350615
484,0.014528186,0.014258404
485,0.01454309,0.014349807
486,0.01455845,0.014258486
487,0.0145501895,0.014315379
488,0.014517736,0.014563742
489,0.014521985,0.014341693
490,0.014505461,0.0145923
491,0.014523257,0.014382604
492,0.014531462,0.01448321
493,0.014532586,0.01431722
494,0.014519473,0.01424267
495,0.0145485345,0.01433391
496,0.014519777,0.0144806355
497,0.014507265,0.014488805
498,0.014519119,0.014525364
499,0.014525501,0.014432836
500,0.014523599,0.01444064
501,0.01454077,0.014289177
502,0.014530634,0.014288211
503,0.0144967465,0.014386244
504,0.014494436,0.014333126
505,0.014514509,0.014371475
506,0.014511383,0.0144491345
507,0.0144965835,0.014286353
508,0.014503038,0.014274054
509,0.014494106,0.014609468
510,0.014489835,0.014579076
511,0.014503215,0.014343363
512,0.014498152,0.014355822
513,0.014474655,0.014490513
514,0.014495487,0.014314111
515,0.014510797,0.014494518
516,0.0145107545,0.014440388
517,0.0144811915,0.014312371
518,0.014473428,0.014275176
519,0.014476007,0.01428046
520,0.014488749,0.01464187
521,0.014479771,0.014299512
522,0.014462079,0.014434927
523,0.014499142,0.014237544
524,0.014464524,0.014391318
525,0.014461281,0.014272857
526,0.014489926,0.014335137
527,0.0144601725,0.014503094
528,0.0144864535,0.014231444
529,0.014471935,0.014263443
530,0.0144634,0.014235217
531,0.014480807,0.014556811
532,0.014466265,0.014297705
533,0.014453742,0.014223538
534,0.014473212,0.014677159
535,0.014455419,0.014294924
536,0.014445975,0.014192496
537,0.014501397,0.014241622
538,0.014449769,0.014284216
539,0.0144406175,0.014409282
540,0.014459128,0.014395856
541,0.014419981,0.014363295
542,0.014432122,0.014366489
543,0.014472328,0.014483974
544,0.014454894,0.01433795
545,0.014452973,0.014482931
546,0.014451342,0.014882611
547,0.014418007,0.014314809
548,0.0144288875,0.014280386
549,0.014446043,0.014204952
550,0.014438872,0.014235859
551,0.014426904,0.014390895
552,0.014413248,0.014209522
553,0.014416884,0.014271152
554,0.014412778,0.014555019
555,0.014400667,0.014145451
556,0.014417138,0.014287121
557,0.014438928,0.014249044
558,0.014396472,0.014429005
559,0.014435119,0.014288339
560,0.0143997045,0.014321982
561,0.014386086,0.014242511
562,0.014420609,0.0141744055
563,0.014409569,0.014292923
564,0.014413956,0.014156719
565,0.01442191,0.01416092
566,0.014403994,0.014168993
567,0.014382901,0.0143283345
568,0.014389067,0.014199157
569,0.01443426,0.0142516475
570,0.014428526,0.0142263165
571,0.014381759,0.014259606
572,0.014416234,0.014241215
573,0.014373593,0.014184874
574,0.01437092,0.014219345
575,0.014393509,0.014178258
576,0.014368869,0.014192719
577,0.014410558,0.014703376
578,0.014395299,0.01473307
579,0.014383957,0.014185251
580,0.01438184,0.014297536
581,0.014347914,0.014180208
582,0.014374338,0.01503517
583,0.01437075,0.014221768
584,0.014372071,0.014158015
585,0.014369593,0.0142702805
586,0.014340622,0.014150316
587,0.014334268,0.014213174
588,0.014359672,0.0141843725
589,0.014387809,0.014162139
590,0.014385201,0.014233514
591,0.014317175,0.014204454
592,0.014316231,0.014162299
593,0.014354873,0.014381753
594,0.014375633,0.014346171
595,0.014354741,0.014624608
596,0.014362066,0.014220882
597,0.014355462,0.01419278
598,0.014342783,0.014592773
599,0.014333338,0.014430903
600,0.014341053,0.014163401
601,0.014347571,0.014582401
602,0.0143310325,0.014224748
603,0.014323022,0.014137841
604,0.0143085215,0.014367519
605,0.014331895,0.014132941
606,0.01431507,0.014229063
607,0.014323956,0.01412707
608,0.014315282,0.014208489
609,0.014321226,0.014272183
610,0.014334273,0.0141646005
611,0.014321988,0.014142713
612,0.0143160345,0.014180807
613,0.014304329,0.01413934
614,0.014363209,0.0141797615
615,0.014308341,0.014208407
616,0.014326749,0.014093832
617,0.014322092,0.014130478
618,0.0142924385,0.014148908
619,0.014295093,0.01421277
620,0.014323182,0.014221
621,0.014328095,0.014227834
622,0.014312718,0.014136768
623,0.014310867,0.014101358
624,0.014303979,0.014199204
625,0.014291239,0.014341819
626,0.014305913,0.014464736
627,0.014298793,0.01421969
628,0.014291312,0.014114628
629,0.01428929,0.01408542
630,0.014259564,0.014205283
631,0.014300883,0.014102462
632,0.014292072,0.014105693
633,0.014263961,0.014165325
634,0.014263159,0.014049705
635,0.014261183,0.014250346
636,0.014289892,0.014104751
637,0.014278882,0.014130442
638,0.014262664,0.014198272
639,0.014253708,0.014193384
640,0.014240944,0.014080077
641,0.014244948,0.014157687
642,0.014273206,0.014077338
643,0.0142800845,0.014052117
644,0.014249777,0.014064884
645,0.01425981,0.014090406
646,0.014262616,0.014174281
647,0.014243546,0.0144214295
648,0.014282694,0.014338683
649,0.01425885,0.014079304
650,0.014261298,0.014237108
651,0.014244874,0.014044972
652,0.01424294,0.014083444
653,0.014266211,0.014053986
654,0.014242345,0.0142734265
655,0.014259151,0.014117605
656,0.014252765,0.014066871
657,0.014213805,0.0144649055
658,0.014221773,0.0142364595
659,0.014252393,0.014096401
660,0.0142434435,0.014189663
661,0.014228413,0.013995261
662,0.014245528,0.014010553
663,0.014242194,0.014054008
664,0.014211303,0.014101429
665,0.014240136,0.014053933
666,0.014209896,0.014443949
667,0.014198977,0.013990584
668,0.014210093,0.014430401
669,0.014206629,0.014119746
670,0.014217595,0.014020733
671,0.0142340455,0.014074144
672,0.014202102,0.014049179
673,0.014216834,0.014071679
674,0.014223886,0.014120857
675,0.0142266145,0.013993898
676,0.014207048,0.01405499
677,0.0142175695,0.014237115
678,0.014219134,0.014081141
679,0.0141983,0.014001197
680,0.01419581,0.013972468
681,0.014213357,0.01407703
682,0.014180921,0.014160598
683,0.014175953,0.014046227
684,0.0142070735,0.014120036
685,0.0142019205,0.014716014
686,0.014190403,0.014120196
687,0.014203657,0.014013294
688,0.014204312,0.014167105
689,0.014192895,0.014188627
690,0.014158999,0.014066448
691,0.014206954,0.0140185505
692,0.014187715,0.014014803
693,0.014197807,0.014110673
694,0.014159038,0.0139655
695,0.014198988,0.014898496
696,0.01418075,0.014072942
697,0.014169941,0.013954104
698,0.014169431,0.014139018
699,0.014179913,0.014012793
700,0.014171443,0.014094174
701,0.014173141,0.014186286
702,0.014154089,0.014011007
703,0.01413393,0.013958138
704,0.014119676,0.01411695
705,0.014181212,0.013964982
706,0.014158735,0.013982736
707,0.014156214,0.013939767
708,0.014149703,0.013967908
709,0.014146379,0.01397139
710,0.014166107,0.014111525
711,0.014172535,0.014082072
712,0.014146189,0.014202675
713,0.014160933,0.0139562255
714,0.014140291,0.013983559
715,0.014138902,0.014096172
716,0.014173108,0.014060823
717,0.0141387535,0.014047368
718,0.014127508,0.013976749
719,0.014131849,0.014031127
720,0.014133586,0.013933403
721,0.014168915,0.014457462
722,0.014156289,0.013993979
723,0.014098004,0.014110563
724,0.014133987,0.01405217
725,0.014120239,0.013981007
726,0.014111347,0.014298634
727,0.01412926,0.01396214
728,0.014108307,0.013982425
729,0.014128719,0.013951968
730,0.014114714,0.014026027
731,0.0141173275,0.013959507
732,0.014108076,0.014063025
733,0.014106132,0.014067297
734,0.014117476,0.013975194
735,0.014115482,0.014420773
736,0.014109249,0.014023607
737,0.014129054,0.01415924
738,0.014117337,0.013927487
739,0.0141135845,0.013936203
740,0.01411923,0.014008756
741,0.014090174,0.014061028
742,0.014080306,0.014098294
743,0.0141061125,0.01392237
744,0.014081606,0.013961876
745,0.01408398,0.013929576
746,0.014111957,0.014039051
747,0.014100385,0.0140404655
748,0.014067807,0.014016838
749,0.0140761435,0.014292278
750,0.014082563,0.013982729
751,0.014073167,0.014104895
752,0.014100089,0.014305101
753,0.014085119,0.013919149
754,0.014094158,0.013966153
755,0.0140708145,0.014068635
756,0.014074841,0.013886988
757,0.014056517,0.014076195
758,0.014096374,0.01390236
759,0.014061876,0.014010292
760,0.014068417,0.013966004
761,0.014093679,0.014133188
762,0.014051858,0.014089335
763,0.014083253,0.013980224
764,0.01407808,0.0138982935
765,0.014072408,0.014002979
766,0.014082337,0.013870017
767,0.014050563,0.013951432
768,0.0140505275,0.01382224
769,0.014066429,0.013893666
770,0.014040887,0.013864237
771,0.014062242,0.013921232
772,0.0140496595,0.013849174
773,0.014049091,0.013910775
774,0.014024335,0.013889559
775,0.014039385,0.013857608
776,0.014028479,0.013867094
777,0.014051946,0.014046593
778,0.01402998,0.013872486
779,0.014062664,0.013860744
780,0.014042395,0.014109736
781,0.014062184,0.013949306
782,0.014060583,0.014049577
783,0.014050825,0.014079572
784,0.0140385935,0.014145126
785,0.014036485,0.013884763
786,0.014012816,0.013880641
787,0.014042158,0.013910449
788,0.01400976,0.0141222635
789,0.014018177,0.013916135
790,0.014044179,0.013900012
791,0.013998184,0.014123472
792,0.014023444,0.013803111
793,0.0140212225,0.014003947
794,0.013991252,0.013869696
795,0.014015753,0.013997097
796,0.01404238,0.013986657
797,0.01400876,0.013824043
798,0.0140025355,0.013925651
799,0.01400244,0.013822195
800,0.014011923,0.013849528
801,0.014015347,0.013904871
802,0.014002043,0.013803994
803,0.014004055,0.0138517115
804,0.0139962,0.014064511
805,0.013990044,0.013835381
806,0.013986642,0.013839636
807,0.013991763,0.01400534
808,0.013996058,0.01435404
809,0.0140020065,0.01388511
810,0.013968648,0.013875085
811,0.013990082,0.013798133
812,0.013991732,0.013934294
813,0.013993236,0.013926878
814,0.013999727,0.013927187
815,0.013978387,0.013957172
816,0.014006289,0.013802026
817,0.013996967,0.013868136
818,0.013974391,0.013844239
819,0.013963681,0.013883171
820,0.013961362,0.013838531
821,0.014001985,0.013900955
822,0.01396142,0.013772673
823,0.013969648,0.01386069
824,0.013944123,0.013970586
825,0.013937617,0.014086598
826,0.013975111,0.013829065
827,0.013961907,0.0138802
828,0.013954072,0.0139393285
829,0.013958852,0.01381738
830,0.013965843,0.013771972
831,0.013934613,0.013814431
832,0.01395394,0.0138006015
833,0.0139085315,0.014181366
834,0.013937143,0.013839914
835,0.01394955,0.013787507
836,0.013938314,0.014099532
837,0.013965129,0.014019056
838,0.013913054,0.014178455
839,0.013961181,0.0139134675
840,0.013940742,0.013730727
841,0.0139489705,0.013827242
842,0.013933547,0.0142110735
843,0.013928395,0.013833452
844,0.013955334,0.013735902
845,0.013947128,0.013778552
846,0.01394054,0.014127684
847,0.013922176,0.013752186
848,0.013943946,0.01376578
849,0.013916466,0.013846372
850,0.0139087085,0.013915083
851,0.013921129,0.014008071
852,0.013924095,0.013815657
853,0.01392,0.013871351
854,0.013920834,0.0137418965
855,0.013916949,0.013828571
856,0.013910817,0.013948729
857,0.0139366705,0.013726891
858,0.013928571,0.013820217
859,0.013894242,0.01389883
860,0.013908947,0.013824897
861,0.013927901,0.013852817
862,0.013864694,0.013876655
863,0.013876455,0.01392721
864,0.013902435,0.013868165
865,0.013901689,0.0138713475
866,0.013898676,0.01380223
867,0.013911889,0.013740952
868,0.013898914,0.01391836
869,0.013889327,0.013805101
870,0.013894259,0.0137628075
871,0.013893564,0.013781175
872,0.013902742,0.013790405
873,0.013877527,0.013831208
874,0.013894272,0.014011653
875,0.013886302,0.013703722
876,0.013862586,0.0138864955
877,0.013894148,0.013865157
878,0.013870608,0.013755965
879,0.013889121,0.013779699
880,0.013878969,0.014048455
881,0.013876506,0.013749164
882,0.01386411,0.0137595665
883,0.01388964,0.013704524
884,0.013880253,0.014104465
885,0.0138480915,0.0138393445
886,0.013876799,0.01371319
887,0.013867562,0.013771973
888,0.013896904,0.013680028
889,0.013846134,0.013734937
890,0.013861926,0.013723581
891,0.013875823,0.0136261545
892,0.013843807,0.013998121
893,0.013830123,0.013872043
894,0.013864233,0.013706555
895,0.013854102,0.013888379
896,0.013845374,0.013894352
897,0.013877016,0.01379973
898,0.013851425,0.013775062
899,0.013850441,0.013689316
900,0.013841526,0.013727976
901,0.01383085,0.013769619
902,0.013852661,0.013758955
903,0.013866508,0.013681713
904,0.0138414055,0.013755448
905,0.013831254,0.014033185
906,0.013817013,0.013699439
907,0.013839249,0.013652169
908,0.013826135,0.0136455195
909,0.013835828,0.014035765
910,0.013844417,0.013724007
911,0.013828133,0.013636705
912,0.013843856,0.014114427
913,0.013839497,0.013949026
914,0.013824364,0.013893847
915,0.013839814,0.013831476
916,0.01379661,0.013666713
917,0.013834565,0.013666603
918,0.013809132,0.013854129
919,0.013799899,0.01367042
920,0.013809098,0.013730612
921,0.013812002,0.014192782
922,0.013789904,0.013692367
923,0.013811199,0.013616094
924,0.013822865,0.013854802
925,0.013815664,0.013838775
926,0.013797037,0.013694764
927,0.013797181,0.013757105
928,0.013787717,0.013780061
929,0.013796384,0.0137544675
930,0.01380501,0.013866813
931,0.013783355,0.013755485
932,0.01378209,0.013672222
933,0.01381542,0.013687876
934,0.013791704,0.013675093
935,0.013797239,0.013627184
936,0.013773718,0.013680969
937,0.013769509,0.013663614
938,0.013770729,0.01369653
939,0.0137711065,0.01375626
940,0.01379574,0.013688633
941,0.013786962,0.013663529
942,0.013761775,0.013709977
943,0.013757892,0.013645969
944,0.013779997,0.013636003
945,0.013769506,0.013604281
946,0.013765311,0.013691038
947,0.013766384,0.013756509
948,0.0137566505,0.013644125
949,0.013774567,0.013721121
950,0.01378076,0.013986117
951,0.013770279,0.013621413
952,0.01374122,0.013602845
953,0.013778656,0.013673636
954,0.013762856,0.013620823
955,0.013750967,0.0136458585
956,0.013748561,0.013825085
957,0.013748111,0.013707104
958,0.013757364,0.013874575
959,0.01374305,0.0136580095
960,0.013749476,0.013663292
961,0.013727114,0.013663872
962,0.013752212,0.013646115
963,0.013770823,0.013896643
964,0.013715493,0.013747218
965,0.013722076,0.013670157
966,0.013746564,0.013577508
967,0.013737079,0.013606226
968,0.013748587,0.013691308
969,0.013726454,0.013609773
970,0.013714603,0.01365411
971,0.0137273185,0.013645467
972,0.013731601,0.013683422
973,0.013740233,0.013676809
974,0.013746514,0.013591401
975,0.013734153,0.013521751
976,0.013715125,0.01368163
977,0.013731464,0.013590047
978,0.013749174,0.013594637
979,0.013708694,0.0137456115
980,0.01371714,0.013627758
981,0.013712016,0.013881913
982,0.013704814,0.01368105
983,0.013729374,0.013585111
984,0.013698956,0.013710058
985,0.013686333,0.013647621
986,0.0137287,0.013540502
987,0.013685091,0.013735477
988,0.013735026,0.013589423
989,0.013686407,0.013574357
990,0.013702138,0.013572004
991,0.013674553,0.013609453
992,0.013700497,0.013638375
993,0.013680014,0.013702253
994,0.013706794,0.013620093
995,0.013693811,0.013613375
996,0.013688646,0.013524491
997,0.013686905,0.013552342
998,0.013709645,0.013568907
999,0.013713532,0.013754058
1000,0.013701774,0.013584271
1001,0.013696974,0.013593143
1002,0.013675609,0.013544659
1003,0.013692061,0.013541361
1004,0.0136811,0.013634352
1005,0.013695747,0.013669985
1006,0.013696213,0.013535754
1007,0.013693542,0.013640718
1008,0.013682916,0.013568674
1009,0.013675602,0.013598718
1010,0.013680631,0.014496042
1011,0.013653345,0.01371878
1012,0.01369265,0.013762929
1013,0.013678052,0.013921505
1014,0.013652086,0.013610617
1015,0.013681022,0.013534992
1016,0.013651014,0.013622502
1017,0.013672019,0.013827921
1018,0.013661728,0.013649703
1019,0.013672942,0.013571239
1020,0.013629801,0.013599236
1021,0.01365524,0.01357568
1022,0.013638171,0.013682635
1023,0.013644698,0.01357485
1024,0.0136621175,0.013682003
1025,0.013641846,0.013622787
1026,0.013654011,0.013604993
1027,0.0136430105,0.014124587
1028,0.013678652,0.013715327
1029,0.013654266,0.01370071
1030,0.013643283,0.013494668
1031,0.0136551,0.013837402
1032,0.013616989,0.013476366
1033,0.013623233,0.014105943
1034,0.013646721,0.0135027375
1035,0.013609311,0.013646994
1036,0.013654988,0.014040886
1037,0.013631331,0.013582132
1038,0.013627974,0.013521457
1039,0.013628896,0.013649063
1040,0.0136393495,0.013569512
1041,0.013653675,0.013517294
1042,0.013629243,0.013615077
1043,0.013635277,0.013479743
1044,0.013629245,0.013589868
1045,0.013636569,0.013638392
1046,0.013619616,0.013634542
1047,0.013613208,0.013476087
1048,0.013610389,0.013671996
1049,0.013627969,0.0135012455
1050,0.013620417,0.013612261
1051,0.013633971,0.013485859
1052,0.013591583,0.013502796
1053,0.013626869,0.013591846
1054,0.01361423,0.013522039
1055,0.013621103,0.013547572
1056,0.013635921,0.013906789
1057,0.013612659,0.013469813
1058,0.013604039,0.013509192
1059,0.013619545,0.013516157
1060,0.013601092,0.013502268
1061,0.013608436,0.013497786
1062,0.01360047,0.013781364
1063,0.013590201,0.013511581
1064,0.013613109,0.013436582
1065,0.013590382,0.013622131
1066,0.013613094,0.013398861
1067,0.013594915,0.013682225
1068,0.01360007,0.013668261
1069,0.013572037,0.013714114
1070,0.013598876,0.013522398
1071,0.013563766,0.01350639
1072,0.013601514,0.013466683
1073,0.01358783,0.013537313
1074,0.013584225,0.013637083
1075,0.013572574,0.0135372635
1076,0.013597102,0.0135069005
1077,0.013563132,0.013433079
1078,0.013557819,0.01370636
1079,0.013571983,0.013596168
1080,0.013577019,0.013470828
1081,0.013557065,0.013495928
1082,0.013582188,0.01356065
1083,0.013595632,0.013424893
1084,0.013579454,0.013692376
1085,0.013570213,0.013487772
1086,0.013528974,0.013490475
1087,0.013573732,0.013522977
1088,0.01354918,0.013455716
1089,0.013557714,0.013894617
1090,0.013543122,0.013643057
1091,0.013578596,0.013415187
1092,0.013560111,0.013692454
1093,0.013555172,0.013429492
1094,0.013555088,0.013432025
1095,0.013527577,0.013653642
1096,0.013547583,0.013418271
1097,0.013561722,0.013589423
1098,0.013565315,0.013475787
1099,0.013543714,0.013621957
1100,0.013532054,0.013670116
1101,0.013525653,0.013484623
1102,0.013562302,0.013450537
1103,0.013546283,0.013580504
1104,0.013545514,0.01343894
1105,0.013528071,0.013504478
1106,0.013550137,0.013789949
1107,0.013513866,0.013672408
1108,0.013508176,0.0134062655
1109,0.013526513,0.013429567
1110,0.013521957,0.013480316
1111,0.0135376295,0.013388162
1112,0.013534924,0.013607584
1113,0.013524647,0.013462289
1114,0.013552065,0.013466559
1115,0.013526896,0.013636783
1116,0.013530915,0.013404267
1117,0.013515143,0.013543558
1118,0.013529285,0.013588978
1119,0.013539783,0.013372656
1120,0.013511637,0.01342677
1121,0.013506312,0.013459892
1122,0.013525985,0.013450829
1123,0.013497609,0.013443709
1124,0.013524489,0.0138485795
1125,0.013502419,0.013385738
1126,0.013526078,0.013424688
1127,0.01351703,0.013381766
1128,0.013511912,0.013436154
1129,0.013524247,0.013492215
1130,0.013508028,0.013579488
1131,0.013516023,0.0134586
1132,0.013513664,0.013407923
1133,0.013496503,0.013407205
1134,0.0135286935,0.013385235
1135,0.013474608,0.013436387
1136,0.013490115,0.013389041
1137,0.013485845,0.013462273
1138,0.013493567,0.01351976
1139,0.013495001,0.013426953
1140,0.013526759,0.013420294
1141,0.013489521,0.013458892
1142,0.01347586,0.013485156
1143,0.013501034,0.013439971
1144,0.0134909,0.013361277
1145,0.013489525,0.013430194
1146,0.013479671,0.013676427
1147,0.013484313,0.013448304
1148,0.013492914,0.013404606
1149,0.013462566,0.013386069
1150,0.013471728,0.013527368
1151,0.013464043,0.013405229
1152,0.013492672,0.013409442
1153,0.013472445,0.013567077
1154,0.013479972,0.0135454135
1155,0.01348111,0.01348739
1156,0.013448565,0.013426981
1157,0.013461706,0.013302985
1158,0.013479262,0.013511177
1159,0.01347231,0.013372453
1160,0.013474639,0.013399039
1161,0.013470171,0.013453522
1162,0.013467769,0.013498419
1163,0.013455333,0.013549349
1164,0.0134811755,0.013526499
1165,0.013449976,0.013399471
1166,0.013449791,0.013520375
1167,0.013441979,0.013349227
1168,0.013465676,0.013365284
1169,0.013474936,0.013489759
1170,0.013458777,0.013391872
1171,0.013458974,0.01332785
1172,0.013443885,0.013394497
1173,0.013462526,0.013558563
1174,0.01346389,0.013509327
1175,0.013466846,0.013445235
1176,0.013449824,0.013384274
1177,0.013462534,0.013402491
1178,0.013433493,0.013349797
1179,0.013468911,0.013359309
1180,0.01343567,0.013556747
1181,0.013445586,0.013313852
1182,0.013430252,0.013471917
1183,0.013446906,0.013316301
1184,0.013440925,0.013389197
1185,0.013445319,0.01334502
1186,0.013449719,0.013294644
1187,0.013420396,0.013346997
1188,0.01342375,0.014002716
1189,0.013429784,0.013412151
1190,0.013440085,0.013580028
1191,0.013427723,0.013515843
1192,0.013433124,0.013288827
1193,0.013432153,0.01334554
1194,0.013424763,0.013342784
1195,0.01343005,0.013506836
1196,0.013423734,0.013316599
1197,0.013412157,0.013361514
1198,0.013411925,0.01348653
1199,0.013435566,0.01336036
1200,0.013431166,0.013310181
1201,0.013425864,0.013677358
1202,0.013412504,0.013325041
1203,0.013413369,0.013322997
1204,0.013414502,0.013651641
1205,0.013432338,0.013375271
1206,0.01342979,0.013304172
1207,0.013389603,0.013610398
1208,0.013405276,0.013373861
1209,0.01342378,0.013452933
1210,0.01342364,0.013373156
1211,0.013395188,0.013323076
1212,0.0133790225,0.013458483
1213,0.013418837,0.013336016
1214,0.013416645,0.01334445
1215,0.01340463,0.013364266
1216,0.013414192,0.013375609
1217,0.013395277,0.013369529
1218,0.013438461,0.013271131
1219,0.013417525,0.013248643
1220,0.013413259,0.013315543
1221,0.013395425,0.013313963
1222,0.01340717,0.013402325
1223,0.013392703,0.013301879
1224,0.013386278,0.013332076
1225,0.013401974,0.013628791
1226,0.013412848,0.013685484
1227,0.013383393,0.013295806
1228,0.0133981295,0.013528596
1229,0.013402205,0.013373753
1230,0.013390676,0.013284964
1231,0.013391056,0.013299775
1232,0.013386297,0.013296976
1233,0.013371819,0.013280871
1234,0.013371749,0.013263565
1235,0.0134078795,0.01327279
1236,0.013392604,0.01344241
1237,0.01340526,0.013275687
1238,0.01336184,0.013382073
1239,0.013395767,0.013383195
1240,0.013384962,0.013275488
1241,0.013392375,0.013299922
1242,0.0133832535,0.01338328
1243,0.013401918,0.013324505
1244,0.013365524,0.013293507
1245,0.013372043,0.013274035
1246,0.013370946,0.0133394655
1247,0.013386258,0.0133628035
1248,0.0133515345,0.013226759
1249,0.013371329,0.013357233
1250,0.013331994,0.013304761
1251,0.013354853,0.013305626
1252,0.01338751,0.01339328
1253,0.013376722,0.013568178
1254,0.013368621,0.013562744
1255,0.0133853145,0.013254368
1256,0.013350024,0.013248667
1257,0.013354896,0.013331179
1258,0.0133642275,0.013307315
1259,0.013372328,0.01338171
1260,0.013374835,0.013331998
1261,0.013365563,0.01362732
1262,0.013376905,0.0133399945
1263,0.0133384885,0.013326874
1264,0.013357748,0.0134365335
1265,0.013351183,0.013296495
1266,0.013346556,0.013743032
1267,0.013351329,0.013379594
1268,0.013336538,0.013283692
1269,0.013344977,0.013293716
1270,0.013335687,0.013370971
1271,0.013346378,0.01328478
1272,0.013311996,0.013442818
1273,0.013366424,0.013248512
1274,0.013322157,0.013348123
1275,0.013343442,0.013253198
1276,0.013356013,0.013336139
1277,0.013330609,0.013221957
1278,0.0133499,0.013249319
1279,0.013339176,0.01343023
1280,0.013337942,0.013235786
1281,0.013341791,0.013433121
1282,0.013317643,0.013293081
1283,0.013325291,0.01331296
1284,0.0133196395,0.0134581905
1285,0.0133518055,0.013450244
1286,0.013334001,0.013230212
1287,0.01330499,0.013819532
1288,0.0133314645,0.013363362
1289,0.013320017,0.013259262
1290,0.013319001,0.013229279
1291,0.013296598,0.01329122
1292,0.013326086,0.013322201
1293,0.013320477,0.013236136
1294,0.01334696,0.013275496
1295,0.0133271525,0.013411869
1296,0.013300359,0.013343888
1297,0.0133252945,0.013235223
1298,0.013311716,0.013556997
1299,0.01332802,0.013258614
1300,0.01334671,0.013263307
1301,0.013323252,0.013232538
1302,0.013337663,0.01322749
1303,0.013316203,0.013240296
1304,0.013313077,0.013303066
1305,0.013301847,0.013449899
1306,0.013289243,0.013269176
1307,0.01329698,0.013491647
1308,0.013302703,0.01346936
1309,0.013329925,0.013363423
1310,0.013301643,0.01341555
1311,0.01328976,0.013316526
1312,0.013300876,0.013221499
1313,0.01330356,0.013217277
1314,0.013300239,0.013206882
1315,0.013308724,0.013217665
1316,0.013288216,0.013265604
1317,0.013288796,0.013202283
1318,0.013298749,0.013775626
1319,0.013301545,0.013204964
1320,0.013309827,0.013497547
1321,0.013302273,0.013266439
1322,0.013315846,0.013268164
1323,0.0132919885,0.013357845
1324,0.013279084,0.013398467
1325,0.013265422,0.01331242
1326,0.013264391,0.01349189
1327,0.013286191,0.01337685
1328,0.013316044,0.013348869
1329,0.013287773,0.013368079
1330,0.013282539,0.013387669
1331,0.013280391,0.013159578
1332,0.013280472,0.013201553
1333,0.013276528,0.013319557
1334,0.013279334,0.013395338
1335,0.013299371,0.013237293
1336,0.013274566,0.013206377
1337,0.013243025,0.013266646
1338,0.013283726,0.013230871
1339,0.013263599,0.013212075
1340,0.013253922,0.013373113
1341,0.013265412,0.013323967
1342,0.01327749,0.013244542
1343,0.0132619385,0.013446113
1344,0.013267096,0.013367251
1345,0.013267353,0.013350956
1346,0.013271396,0.013208831
1347,0.013271803,0.0132373795
1348,0.013272966,0.01397328
1349,0.013265583,0.013366755
1350,0.013258599,0.013267759
1351,0.013280021,0.013209914
1352,0.013265616,0.013251922
1353,0.013271941,0.013178442
1354,0.013268005,0.013247704
1355,0.013270048,0.013227225
1356,0.013253409,0.01321675
1357,0.013242542,0.013375915
1358,0.013261262,0.013241163
1359,0.01326409,0.013161175
1360,0.013260478,0.013255261
1361,0.013252419,0.013213435
1362,0.013260647,0.0131763
1363,0.013242109,0.013194634
1364,0.013251199,0.013322579
1365,0.013252004,0.013182195
1366,0.013249689,0.01315618
1367,0.013263372,0.013231924
1368,0.013250505,0.013148601
1369,0.013267282,0.01319873
1370,0.013235272,0.01315938
1371,0.01325215,0.013222349
1372,0.013253963,0.013149925
1373,0.013214229,0.013166686
1374,0.013249861,0.0131948935
1375,0.013238902,0.0131585635
1376,0.013237033,0.013151916
1377,0.013247907,0.013175369
1378,0.013243858,0.013242716
1379,0.013241708,0.013312361
1380,0.013238409,0.0131173
1381,0.0132445125,0.013299135
1382,0.013241402,0.0131548
1383,0.013235074,0.013152394
1384,0.013216845,0.013260753
1385,0.013248543,0.013327487
1386,0.013212935,0.01320942
1387,0.0132361455,0.013110573
1388,0.013210403,0.013112349
1389,0.013238769,0.013176096
1390,0.013221715,0.013202763
1391,0.013207497,0.013169572
1392,0.0132433195,0.013197502
1393,0.013221119,0.013209113
1394,0.013216561,0.013249321
1395,0.013224248,0.013189011
1396,0.013219644,0.01323274
1397,0.013230591,0.013371042
1398,0.013224781,0.013253634
1399,0.013209915,0.013155531
1400,0.013216296,0.013129089
1401,0.013224596,0.013321804
1402,0.013232594,0.013177927
1403,0.01320368,0.013179459
1404,0.013225739,0.0131075885
1405,0.013208664,0.013088706
1406,0.013193847,0.013138581
1407,0.013202203,0.013219642
1408,0.013229196,0.013194389
1409,0.013217493,0.013200282
1410,0.013201661,0.013256071
1411,0.013197726,0.013151125
1412,0.013206245,0.013103329
1413,0.01321719,0.013118568
1414,0.013189744,0.013267454
1415,0.013190906,0.013276573
1416,0.013189371,0.013159344
1417,0.013218417,0.013114566
1418,0.013220106,0.013191078
1419,0.013207091,0.013179264
1420,0.013206707,0.013405091
1421,0.013208257,0.01321175
1422,0.013182202,0.013141195
1423,0.013205434,0.013190175
1424,0.013192248,0.013163153
1425,0.0132012945,0.0132726785
1426,0.013183775,0.013230064
1427,0.013200809,0.013145553
1428,0.013182477,0.013145997
1429,0.013166697,0.013206382
1430,0.013180314,0.01314577
1431,0.013196454,0.013152134
1432,0.013183726,0.013184052
1433,0.01318461,0.01313213
1434,0.013191624,0.013177545
1435,0.013202659,0.013152493
1436,0.013188854,0.01325335
1437,0.013197263,0.013250529
1438,0.013203343,0.013159396
1439,0.013208812,0.013148765
1440,0.013173982,0.013334985
1441,0.013184019,0.013211944
1442,0.013155357,0.013227272
1443,0.013174625,0.013219186
1444,0.013173807,0.0131163
1445,0.013182887,0.0131656695
1446,0.013153134,0.0131653715
1447,0.013170328,0.013095029
1448,0.013165662,0.013157287
1449,0.013173636,0.013123902
1450,0.013170439,0.013168119
1451,0.0131659685,0.013657256
1452,0.013170799,0.013099292
1453,0.013174667,0.0131829055
1454,0.01317325,0.013121188
1455,0.013159536,0.013153095
1456,0.013179116,0.013185664
1457,0.013160493,0.013118985
1458,0.0131825805,0.013107735
1459,0.013162133,0.013123091
1460,0.013151036,0.013197642
1461,0.013149527,0.013164751
1462,0.013164661,0.013417175
1463,0.013159788,0.013094426
1464,0.013161855,0.013059793
1465,0.013162158,0.013151625
1466,0.013175859,0.013168394
1467,0.013170263,0.013326958
1468,0.013161725,0.01303539
1469,0.013155926,0.013104153
1470,0.013166306,0.013098894
1471,0.013165942,0.013114901
1472,0.01315692,0.0131171895
1473,0.013170888,0.013239632
1474,0.013159915,0.013079739
1475,0.013180143,0.013115821
1476,0.013140747,0.013267045
1477,0.013143569,0.013134252
1478,0.013123816,0.013107839
1479,0.013151568,0.013159225
1480,0.013142973,0.013103241
1481,0.01314238,0.01319684
1482,0.01315002,0.013361644
1483,0.013145571,0.01309513
1484,0.013145199,0.013111194
1485,0.013138014,0.013092517
1486,0.013127596,0.013123794
1487,0.013127128,0.013078428
1488,0.0131400665,0.013214728
1489,0.013111495,0.013172819
1490,0.013139016,0.013092189
1491,0.013111772,0.013060523
1492,0.01312172,0.013123346
1493,0.013119466,0.0132239815
1494,0.013132962,0.013222253
1495,0.013130247,0.013077773
1496,0.013131409,0.013261204
1497,0.013106287,0.01305601
1498,0.013135228,0.013050682
1499,0.01313034,0.013157335
1500,0.01311447,0.013228341
1501,0.0131080365,0.013278622
1502,0.013139903,0.013045901
1503,0.013120674,0.013069823
1504,0.013145141,0.013088863
1505,0.013116961,0.013205199
1506,0.0131324595,0.013064642
1507,0.0131312115,0.01312196
1508,0.01311638,0.013086157
1509,0.013121676,0.013038964
1510,0.01311768,0.01340053
1511,0.013118896,0.013020614
1512,0.013103103,0.013179662
1513,0.013131977,0.013053794
1514,0.013133357,0.013051108
1515,0.013110642,0.013090421
1516,0.013101131,0.0130276205
1517,0.013118034,0.01306066
1518,0.013107107,0.013171965
1519,0.013104662,0.013045971
1520,0.013105933,0.013066616
1521,0.013108339,0.013048649
1522,0.0131142335,0.013066008
1523,0.013107491,0.013129055
1524,0.013104883,0.013111442
1525,0.013113885,0.013089118
1526,0.013092049,0.01310912
1527,0.013096716,0.013145069
1528,0.013107829,0.013172945
1529,0.013083602,0.013099218
1530,0.013083623,0.013308374
1531,0.013102272,0.0130692255
1532,0.013104457,0.013158696
1533,0.013083926,0.013089175
1534,0.013097595,0.013158354
1535,0.013121118,0.013017284
1536,0.013101085,0.01305691
1537,0.0130775515,0.013468759
1538,0.01310106,0.013039457
1539,0.013089768,0.01304427
1540,0.013101902,0.012985244
1541,0.013094166,0.013202747
1542,0.013090571,0.01301242
1543,0.013077414,0.013038562
1544,0.013069748,0.013285291
1545,0.013085194,0.01302144
1546,0.013096518,0.013049576
1547,0.01310554,0.013015507
1548,0.013086709,0.013175716
1549,0.013077274,0.01305185
1550,0.013086218,0.0131971715
1551,0.013066196,0.013110064
1552,0.01310846,0.0131195625
1553,0.013088165,0.013126661
1554,0.013095674,0.013380794
1555,0.013085731,0.013038073
1556,0.013071205,0.013022765
1557,0.013071425,0.013114312
1558,0.013080151,0.013054426
1559,0.01308626,0.013045195
1560,0.0130596645,0.013257878
1561,0.01310668,0.013171327
1562,0.013108362,0.012966749
1563,0.013064675,0.0130478805
1564,0.013086014,0.013092846
1565,0.013084383,0.012976565
1566,0.013069756,0.013011208
1567,0.013061813,0.013065451
1568,0.013066352,0.013094305
1569,0.0130706765,0.013173782
1570,0.013041533,0.013021073
1571,0.013068852,0.012992257
1572,0.013065272,0.013028517
1573,0.013097473,0.013122228
1574,0.013080635,0.012964995
1575,0.013064075,0.013006776
1576,0.013057856,0.01301083
1577,0.013053974,0.013061671
1578,0.013070106,0.01305452
1579,0.013050403,0.013030288
1580,0.013070028,0.013072482
1581,0.013071941,0.013329778
1582,0.013073428,0.013315807
1583,0.013044745,0.013010473
1584,0.013051252,0.013015656
1585,0.013058007,0.013114631
1586,0.013061313,0.013059608
1587,0.013046722,0.013012876
1588,0.013070843,0.0129873995
1589,0.013049579,0.013019962
1590,0.0130339945,0.012988767
1591,0.013047864,0.0129291685
1592,0.013073865,0.012953463
1593,0.013072246,0.013047098
1594,0.013069753,0.013022886
1595,0.013059219,0.013074689
1596,0.013042438,0.0131867025
1597,0.013040035,0.012978844
1598,0.0130201485,0.01316962
1599,0.013060967,0.012958474
1600,0.013043103,0.013169421
1601,0.013060908,0.013091854
1602,0.01304194,0.013053215
1603,0.013054921,0.013064017
1604,0.013053663,0.013183561
1605,0.013049836,0.01305111
1606,0.013049321,0.013099571
1607,0.013046175,0.013028724
1608,0.013062278,0.013041819
1609,0.013026625,0.013189752
1610,0.013029568,0.012966953
1611,0.013028016,0.013077757
1612,0.013040635,0.013181893
1613,0.0130239995,0.012965506
1614,0.013035861,0.013187756
1615,0.01304272,0.013012894
1616,0.0130420765,0.013111001
1617,0.013042283,0.013036166
1618,0.013043559,0.0129944775
1619,0.013042973,0.01298759
1620,0.013029836,0.013014444
1621,0.013034421,0.01325298
1622,0.013025148,0.013002112
1623,0.013021015,0.013260651
1624,0.013008677,0.0131209325
1625,0.013039669,0.012995267
1626,0.013026148,0.013028612
1627,0.013018118,0.01296073
1628,0.013025835,0.0130833285
1629,0.013033929,0.013128983
1630,0.013039769,0.013026222
1631,0.013014435,0.01290954
1632,0.013024475,0.012947969
1633,0.013035889,0.012966373
1634,0.013027417,0.012958985
1635,0.01302845,0.013092653
1636,0.013001404,0.013091146
1637,0.0130317705,0.012915906
1638,0.013018338,0.013031323
1639,0.013012669,0.013455157
1640,0.013017735,0.01297195
1641,0.013012365,0.013034957
1642,0.0130291805,0.01298239
1643,0.013009893,0.013057178
1644,0.013003043,0.013138813
1645,0.0130037395,0.013221115
1646,0.0129906675,0.013026579
1647,0.01303547,0.013030568
1648,0.012989547,0.012982324
1649,0.01300063,0.012967961
1650,0.013001873,0.012981848
1651,0.013019271,0.012995503
1652,0.012997594,0.01321451
1653,0.01300041,0.01296373
1654,0.01299241,0.012985918
1655,0.012997911,0.013146515
1656,0.012997215,0.0129621215
1657,0.013022025,0.012958647
1658,0.012995167,0.013032711
1659,0.013014089,0.012951827
1660,0.013019388,0.012951274
1661,0.013005737,0.013011372
1662,0.012983417,0.013064675
1663,0.012992324,0.012978294
1664,0.012992883,0.012954396
1665,0.01301542,0.013007522
1666,0.012979314,0.012974687
1667,0.013002904,0.012921342
1668,0.013005829,0.012910682
1669,0.013010997,0.013167218
1670,0.012980875,0.012949074
1671,0.013017664,0.01297469
1672,0.012999734,0.013010689
1673,0.012994259,0.013015766
1674,0.012983046,0.013016481
1675,0.013011902,0.013111064
1676,0.013005152,0.012957145
1677,0.012991984,0.013093539
1678,0.012991251,0.01290115
1679,0.013002257,0.012958143
1680,0.0129709365,0.012965222
1681,0.01298082,0.012944404
1682,0.012990973,0.012976437
1683,0.013001821,0.012949345
1684,0.012976909,0.012952949
1685,0.0130059365,0.012912616
1686,0.013005145,0.012923189
1687,0.012977369,0.01324126
1688,0.012976845,0.013506577
1689,0.012981885,0.012932245
1690,0.01297847,0.012911489
1691,0.012956765,0.01293578
1692,0.01299069,0.0130364755
1693,0.012989279,0.013012139
1694,0.012982163,0.012986183
1695,0.012986452,0.012955204
1696,0.012958591,0.012968375
1697,0.012988876,0.012934902
1698,0.012977011,0.013052684
1699,0.01296332,0.013031774
1700,0.012968303,0.012927672
1701,0.012981983,0.012923106
1702,0.012975727,0.012892376
1703,0.01298177,0.012971254
1704,0.01296607,0.01288825
1705,0.012984049,0.013021393
1706,0.0129684275,0.0129199885
1707,0.01298464,0.01295342
1708,0.012994879,0.012995759
1709,0.012973062,0.012915126
1710,0.012969386,0.012937014
1711,0.012963414,0.012914877
1712,0.012978708,0.012949769
1713,0.012942673,0.013296837
1714,0.012964092,0.0128776925
1715,0.012960272,0.012975959
1716,0.012965467,0.01291075
1717,0.012961412,0.0130743785
1718,0.012968217,0.01291594
1719,0.012959553,0.013061591
1720,0.012962378,0.013192175
1721,0.012964742,0.012934851
1722,0.012966546,0.012967051
1723,0.01297872,0.012919027
1724,0.012962334,0.01291536
1725,0.012961968,0.0130344145
1726,0.012946969,0.013122966
1727,0.012941622,0.012999868
1728,0.012954733,0.012912566
1729,0.012953923,0.012899568
1730,0.012941403,0.01304291
1731,0.012951766,0.012932715
1732,0.012945268,0.013134589
1733,0.012962876,0.012922874
1734,0.012956711,0.012892076
1735,0.01295624,0.012986943
1736,0.01296763,0.012920988
1737,0.01294217,0.012954059
1738,0.012930036,0.012914552
1739,0.012930797,0.012944898
1740,0.012924234,0.01301996
1741,0.012930407,0.01283459
1742,0.012985369,0.01296841
1743,0.012947586,0.013166241
1744,0.012922094,0.012878011
1745,0.012972049,0.012952534
1746,0.0129433805,0.012828271
1747,0.012939468,0.012870615
1748,0.01292116,0.012992207
1749,0.012939749,0.012898817
1750,0.012930261,0.012946122
1751,0.012947942,0.012891822
1752,0.0129223885,0.012952438
1753,0.012928525,0.012966871
1754,0.012954254,0.013007765
1755,0.012938407,0.012998961
1756,0.012964409,0.012908318
1757,0.012925049,0.0128399795
1758,0.012920451,0.013110173
1759,0.012942808,0.012905934
1760,0.012936322,0.012897411
1761,0.012931096,0.012941375
1762,0.01292331,0.012965589
1763,0.012937552,0.012905311
1764,0.012913443,0.0128409695
1765,0.012936398,0.012876621
1766,0.01292247,0.012903325
1767,0.012937174,0.012880272
1768,0.012915328,0.01288428
1769,0.012944549,0.012843618
1770,0.012921257,0.0129654985
1771,0.012939696,0.012978595
1772,0.012910155,0.012958148
1773,0.012909695,0.01289365
1774,0.012923163,0.012878663
1775,0.012915284,0.012845999
1776,0.0129386345,0.012970903
1777,0.012918734,0.0129723
1778,0.012918314,0.0128995
1779,0.012932669,0.0128878355
1780,0.012937918,0.012957218
1781,0.012920308,0.012870391
1782,0.012941025,0.012893178
1783,0.012918514,0.012907692
1784,0.012934215,0.012984357
1785,0.012934456,0.012866088
1786,0.012925873,0.012948499
1787,0.012946335,0.012880356
1788,0.012931663,0.012997068
1789,0.012942204,0.012880795
1790,0.012918955,0.012885747
1791,0.012919452,0.0128719965
1792,0.01292727,0.012954604
1793,0.012898161,0.012930421
1794,0.012923584,0.0129413195
1795,0.012924193,0.01284054
1796,0.012913283,0.012972888
1797,0.012908532,0.012896436
1798,0.012933002,0.012954858
1799,0.01293201,0.012851841
1800,0.012913161,0.012959379
1801,0.012918663,0.01283139
1802,0.012917413,0.012915938
1803,0.012904184,0.012967317
1804,0.012883381,0.012908083
1805,0.012899391,0.012956014
1806,0.012905721,0.012835918
1807,0.012918428,0.012986677
1808,0.012929618,0.013011798
1809,0.012905099,0.012854275
1810,0.012901768,0.012963374
1811,0.012909629,0.0129838865
1812,0.012885278,0.012969723
1813,0.012886766,0.013113285
1814,0.012884125,0.012901145
1815,0.012906033,0.012928508
1816,0.012898585,0.01291007
1817,0.012907444,0.012860878
1818,0.012897516,0.012922538
1819,0.012890006,0.012973561
1820,0.012920387,0.012855521
1821,0.012910676,0.013097951
1822,0.012897297,0.0129506895
1823,0.012898583,0.01303569
1824,0.012902741,0.013319434
1825,0.012890242,0.012924365
1826,0.012898918,0.012879197
1827,0.012874958,0.012813835
1828,0.012894609,0.012871242
1829,0.012905826,0.01282186
1830,0.01288797,0.012961501
1831,0.012895784,0.012856459
1832,0.012893818,0.012921845
1833,0.012886527,0.012818394
1834,0.012919278,0.012840998
1835,0.012903253,0.0130560305
1836,0.012876632,0.012887605
1837,0.012900949,0.01283963
1838,0.01289343,0.012827173
1839,0.012874211,0.013101047
1840,0.01289411,0.012797847
1841,0.012875039,0.013167794
1842,0.012894099,0.012908119
1843,0.012891082,0.012847738
1844,0.012883928,0.012873607
1845,0.012887244,0.0130235525
1846,0.012877558,0.0131078465
1847,0.0128753735,0.012900268
1848,0.012882813,0.012865343
1849,0.012893788,0.01280143
1850,0.012870175,0.012806736
1851,0.012866905,0.01285123
1852,0.012894513,0.012857806
1853,0.012882113,0.012855217
1854,0.012887773,0.01280625
1855,0.012864708,0.012837524
1856,0.012891606,0.0128240725
1857,0.012846268,0.0129911415
1858,0.012859318,0.01282236
1859,0.012879799,0.012948459
1860,0.012861415,0.012777271
1861,0.012850636,0.012966105
1862,0.012891566,0.012936857
1863,0.012880195,0.012757717
1864,0.012881822,0.012864798
1865,0.012846793,0.012852116
1866,0.012859141,0.012878963
1867,0.012865365,0.012964472
1868,0.012853299,0.012844293
1869,0.01285176,0.012840933
1870,0.012881965,0.012904725
1871,0.012873768,0.01276879
1872,0.012844942,0.012806889
1873,0.012858032,0.012793681
1874,0.012869309,0.012902514
1875,0.0128635075,0.012851145
1876,0.012848584,0.01281908
1877,0.012870353,0.013145929
1878,0.012875194,0.012777706
1879,0.012845987,0.012793008
1880,0.012851443,0.01289134
1881,0.012863973,0.012902706
1882,0.012869104,0.012820844
1883,0.012847405,0.012822376
1884,0.012854411,0.012778211
1885,0.012859027,0.013090528
1886,0.01288255,0.012848827
1887,0.012862903,0.01287841
1888,0.012855679,0.012824586
1889,0.01287454,0.012752
1890,0.012880387,0.012832322
1891,0.0128403865,0.01291645
1892,0.012860751,0.012857397
1893,0.012850739,0.0127879735
1894,0.012844594,0.012863652
1895,0.012877863,0.012843801
1896,0.012874997,0.012753121
1897,0.012840163,0.012781337
1898,0.012863022,0.01290098
1899,0.012840515,0.01294716
1900,0.0128550725,0.012899565
1901,0.012845111,0.01297265
1902,0.012864481,0.01283929
1903,0.012837082,0.012824052
1904,0.01288093,0.01280975
1905,0.0128482105,0.012791836
1906,0.012836668,0.012817394
1907,0.012855535,0.012876695
1908,0.01283544,0.012864901
1909,0.012835497,0.012835722
1910,0.012835532,0.012844557
1911,0.012836698,0.012991106
1912,0.012853946,0.012764209
1913,0.012834885,0.012844639
1914,0.0128389895,0.0131632015
1915,0.012822486,0.012794443
1916,0.012853936,0.012975512
1917,0.012843577,0.012937039
1918,0.012835951,0.012803067
1919,0.012835797,0.01289081
1920,0.012824844,0.012804518
1921,0.01282146,0.012844624
1922,0.012839383,0.012952676
1923,0.012825689,0.0128979515
1924,0.012837741,0.012856007
1925,0.012831545,0.012811729
1926,0.012844202,0.012842662
1927,0.012834463,0.012791648
1928,0.012832602,0.0129706375
1929,0.0128402095,0.012888242
1930,0.012829753,0.012817324
1931,0.0128206555,0.012835702
1932,0.012823201,0.013032461
1933,0.012838535,0.012796411
1934,0.012849847,0.012914221
1935,0.012826578,0.01279776
1936,0.012859445,0.012784937
1937,0.012829196,0.012779143
1938,0.0128486315,0.012962882
1939,0.012843187,0.012804627
1940,0.012810274,0.012786868
1941,0.01282948,0.012812041
1942,0.012832575,0.012913584
1943,0.012813448,0.013241583
1944,0.012828276,0.012743356
1945,0.012811344,0.01274551
1946,0.012809192,0.012853374
1947,0.0128099555,0.012860111
1948,0.012818855,0.012815877
1949,0.012823622,0.012916161
1950,0.012843177,0.012748364
1951,0.012826838,0.012889979
1952,0.012822294,0.012845379
1953,0.0128183095,0.013023862
1954,0.012830699,0.012777698
1955,0.01279081,0.012792782
1956,0.012796758,0.012808201
1957,0.012835662,0.012763959
1958,0.012816807,0.012766893
1959,0.01278082,0.012818974
1960,0.012806594,0.012732794
1961,0.012810997,0.012827647
1962,0.012823292,0.012774082
1963,0.0128099965,0.012755081
1964,0.012820045,0.0128661385
1965,0.012818586,0.013006679
1966,0.012828488,0.012801866
1967,0.012804476,0.012789511
1968,0.012811654,0.012759258
1969,0.012812111,0.0128077585
1970,0.012792799,0.01275861
1971,0.012819918,0.012853082
1972,0.0127994465,0.01282895
1973,0.012791112,0.013013988
1974,0.012803672,0.012769696
1975,0.012780624,0.012883516
1976,0.012819715,0.012780798
1977,0.012815016,0.012771025
1978,0.012808612,0.012714679
1979,0.012801544,0.012843792
1980,0.012803382,0.012949101
1981,0.012802846,0.012755577
1982,0.012794863,0.01275344
1983,0.012792194,0.012861443
1984,0.01280601,0.012909476
1985,0.012811524,0.013079559
1986,0.012795044,0.013090977
1987,0.012808928,0.012767383
1988,0.012789038,0.013130914
1989,0.012799717,0.013245702
1990,0.012799966,0.012741829
1991,0.012790803,0.01291371
1992,0.012784386,0.0127642285
1993,0.012798161,0.012768786
1994,0.0127886515,0.012771116
1995,0.0127892485,0.012773614
1996,0.012789593,0.0127815055
1997,0.012808315,0.012789443
1998,0.0127969915,0.012882424
1999,0.01278141,0.01281772
2000,0.01277952,0.012842327
